"TIME","European Union - 28 countries (2013-2020)","Belgium","Czechia","Denmark","Spain","Italy","Lithuania","Poland","Finland","Sweden","ISCO","total_employment","share_Belgium","share_Spain","share_Poland"
"2011-Q1",12850.9,279,223.5,57.6,879.8,896,120,963.5,137.2,232.6,1,7755470.8,3.59746051780635e-05,0.000113442500486237,0.000124234882039656
"2011-Q2",12834.2,304.7,226.2,58.2,911.6,897,118.9,918.4,135.8,236,1,7755470.8,3.92883949740356e-05,0.000117542831829113,0.000118419632242056
"2011-Q3",12763.1,348.8,227.3,107.5,881.4,840.1,107,913.8,123.5,238.5,1,7755470.8,4.49747035344392e-05,0.000113648806465753,0.000117826502550948
"2011-Q4",12668.1,347.9,230.3,74.1,888.2,764.9,107.8,935.9,106.6,246.1,1,7755470.8,4.48586564209616e-05,0.000114525606878695,0.000120676103893009
"2012-Q1",12197.3,304,231.1,50.6,848.8,762.2,107.5,952.5,102.5,249.8,1,7755470.8,3.91981361079975e-05,0.000109445322133119,0.000122816528430485
"2012-Q2",12465.8,341,241.3,52,856.4,790.1,112.3,952,92.3,260.7,1,7755470.8,4.39689618842998e-05,0.000110425275535819,0.000122752057811887
"2012-Q3",12627.4,397.9,252.5,52.1,832.7,787.9,111.6,947.8,87,266.1,1,7755470.8,5.13057182808296e-05,0.000107369368214242,0.000122210504615658
"2012-Q4",12521.7,405.9,260.1,49.3,818.2,793,111.8,971.7,78.2,265.6,1,7755470.8,5.23372481784085e-05,0.00010549972027488,0.000125292200184675
"2013-Q1",12350.6,365.9,265.6,49.1,809.4,786.2,108.3,952.7,69.9,265.4,1,7755470.8,4.71795986905141e-05,0.000104365037387543,0.000122842316677925
"2013-Q2",12458.5,350.2,272.4,46.3,783.8,770.3,109.8,960.1,67.6,257.3,1,7755470.8,4.51552212665155e-05,0.000101064141715291,0.000123796481833185
"2013-Q3",12418.7,358.1,266.6,55.3,776.7,785.1,113.9,961.1,70.8,265.1,1,7755470.8,4.61738570403746e-05,0.00010014865893119,0.000123925423070383
"2013-Q4",12485,377.2,257.7,54.6,761.2,794.6,113.2,987.6,61.3,261.7,1,7755470.8,4.86366346708442e-05,9.81500697546305e-05,0.000127342365856113
"2014-Q1",12490,388.4,250,51.9,758.5,768.8,112,996.9,66.5,260.5,1,7755470.8,5.00807765274547e-05,9.78019284141976e-05,0.000128541519362048
"2014-Q2",12411.3,412.3,248.3,49.8,748.5,804,108.5,959.2,62.1,257.7,1,7755470.8,5.31624720964716e-05,9.6512516042224e-05,0.000123680434719708
"2014-Q3",12489.4,391.9,247.5,62.7,758.4,787.2,115.3,951.6,64.2,254.2,1,7755470.8,5.05320708576454e-05,9.77890342904779e-05,0.000122700481317008
"2014-Q4",12496.4,345.1,253,66.4,755.4,765.5,116.8,957.4,66.1,251.8,1,7755470.8,4.4497620956809e-05,9.74022105788858e-05,0.000123448340492753
"2015-Q1",12549.6,360,257.4,60.7,748.2,786.4,115.3,969.8,71.7,253.5,1,7755470.8,4.64188453910496e-05,9.64738336710648e-05,0.000125047211834
"2015-Q2",12745.6,360.2,265.4,57.4,758.7,809.8,116,973.3,75.2,260.5,1,7755470.8,4.64446336384891e-05,9.78277166616371e-05,0.000125498506164191
"2015-Q3",12640.3,393.3,273.4,74.1,750.1,763.3,115.8,966.3,76.1,259.9,1,7755470.8,5.07125885897217e-05,9.67188220217398e-05,0.000124595917503809
"2015-Q4",12701.8,365.2,266.4,72.8,734.7,777,115.5,969.2,76.3,270.7,1,7755470.8,4.70893398244759e-05,9.47331269689005e-05,0.000124969847091681
"2016-Q1",12888.2,367.2,267.6,81.9,732.3,836.2,121.6,986.2,82.2,267.9,1,7755470.8,4.73472222988706e-05,9.44236679996268e-05,0.000127161848124037
"2016-Q2",12852.1,378,265.2,65.1,720.6,811.9,123.8,958.5,79.3,272.5,1,7755470.8,4.87397876606021e-05,9.29150555244177e-05,0.00012359017585367
"2016-Q3",12920.6,388.5,256.3,91.5,719.2,765.9,121.1,1009.5,75.3,290.6,1,7755470.8,5.00936706511744e-05,9.27345377923414e-05,0.000130166178950735
"2016-Q4",12908,371.4,245.6,73,728.5,792.2,118,1019.9,76.9,279.6,1,7755470.8,4.78887754950995e-05,9.39336912982768e-05,0.000131507167817588
"2017-Q1",12855.6,378,245.6,63.3,729.5,801.6,116.3,988.1,81.3,284.5,1,7755470.8,4.87397876606021e-05,9.40626325354742e-05,0.000127406836474712
"2017-Q2",12943.3,368,241.4,62,763.9,809.2,116.2,946.6,79.8,286.2,1,7755470.8,4.74503752886285e-05,9.84982110950634e-05,0.000122055775131021
"2017-Q3",13079.1,362.6,233.5,76.7,753.3,794,117.6,1022.8,85,288.7,1,7755470.8,4.67540926077628e-05,9.71314339807714e-05,0.00013188109740546
"2017-Q4",13102.3,355.6,239.7,74.3,732,794.7,120.3,1020.2,84.1,299.1,1,7755470.8,4.58515039473813e-05,9.43849856284676e-05,0.000131545850188747
"2018-Q1",13017.3,362.5,238.9,70.4,752.6,784.4,118.8,941.6,84.7,302.9,1,7755470.8,4.6741198484043e-05,9.70411751147332e-05,0.000121411068945034
"2018-Q2",13138.1,365.8,237.8,76,770.2,807.1,116.8,991.6,86.3,302,1,7755470.8,4.71667045667943e-05,9.93105408894067e-05,0.000127858130804902
"2018-Q3",13255.6,377.9,230.1,88.5,783.2,795.4,123.3,1023,80.7,297.7,1,7755470.8,4.87268935368824e-05,0.000100986776972972,0.000131906885652899
"2018-Q4",13345.1,383.1,231.3,72.8,776.7,820.5,123.9,1006.5,76.3,310.5,1,7755470.8,4.93973879703087e-05,0.00010014865893119,0.000129779355239143
"2019-Q1",13354.6,370.3,236.8,77.8,763,762.6,117.7,984.1,86.1,300.4,1,7755470.8,4.77469401341824e-05,9.83821639815858e-05,0.000126891071525922
"2019-Q2",13566.4,399.4,224.1,87.9,756.6,762.7,122.2,1001.9,83.6,313.7,1,7755470.8,5.14991301366256e-05,9.75569400635226e-05,0.000129186225548035
"2019-Q3",13714,409.9,224.8,97.1,754,777.9,123.4,981.1,78.4,315.4,1,7755470.8,5.28530131271979e-05,9.72216928468095e-05,0.00012650424781433
"2019-Q4",13767.2,403,218.5,85.2,742.5,779,124.6,981.2,70.3,312.9,1,7755470.8,5.19633185905361e-05,9.57388686190399e-05,0.00012651714193805
"2020-Q1",NA,404.4,214.2,81.7,722.7,762.1,123.1,1000.4,75.4,311,1,7755470.8,5.21438363226124e-05,9.31858321225321e-05,0.000128992813692239
"2020-Q2",NA,406.9,208.8,73.4,720.5,731.5,120,996.7,71.5,309.5,1,7755470.8,5.24661894156058e-05,9.29021614006979e-05,0.000128515731114609
"2020-Q3",NA,403.9,215,77.6,749.6,765.7,117.7,991.8,60.4,311.5,1,7755470.8,5.20793657040137e-05,9.66543514031411e-05,0.000127883919052342
"2020-Q4",NA,384.3,221.5,69.8,728.2,774.2,112.5,979.4,62.8,315.3,1,7755470.8,4.95521174549455e-05,9.38950089271176e-05,0.000126285047711094
"2011-Q1",37682,880.6,581.8,661.2,3001.9,3012.3,266.5,2574.9,506.8,1102.2,2,182039.5,0.000113545653475995,0.000387068699942755,0.000332010791659483
"2011-Q2",37735.7,940.1,590.5,650.4,2987.1,3001.1,262.2,2588.4,509.6,1118,2,182039.5,0.000121217657089238,0.000385160369632234,0.000333751498361647
"2011-Q3",37486.5,895.3,592.9,655.3,2901.6,2803.8,272.6,2571.7,517.1,1125.4,2,182039.5,0.000115441089662796,0.00037413589385186,0.000331598179700451
"2011-Q4",38022.9,917.5,628.4,676.5,2953,2940.4,277.2,2673.9,532.7,1131.2,2,182039.5,0.000118303585128578,0.000380763473443804,0.000344775974142021
"2012-Q1",37814.7,940.7,645.3,690.3,2970.8,2979.1,275.5,2738.7,539.2,1135.8,2,182039.5,0.000121295021831557,0.000383058627465917,0.00035313136631241
"2012-Q2",38188.3,954.8,641.1,683.8,3002.7,3021.3,276.9,2702.1,545.6,1135.6,2,182039.5,0.000123113093276039,0.000387171852932513,0.000348412117030987
"2012-Q3",38035,958.1,655.4,692,2921.2,2951.7,278.4,2718.9,541.8,1127.7,2,182039.5,0.000123538599358791,0.000376663142100928,0.000350578329815902
"2012-Q4",38567.4,975.5,677,710.8,2973.6,3053.5,279.3,2809.7,555,1144.5,2,182039.5,0.000125782176886025,0.00038341966293007,0.000362286194153423
"2013-Q1",38524.3,970.9,679.3,698.4,2973.2,3072.7,287.8,2774.7,551.9,1144.8,2,182039.5,0.000125189047194917,0.000383368086435191,0.000357773250851515
"2013-Q2",38938.3,981.6,692,694.4,3016,3079,292.8,2787.8,555.1,1161.5,2,182039.5,0.000126568718432929,0.000388886771387238,0.0003594623810588
"2013-Q3",38800.5,988.7,695.8,688.9,2969.3,2971.9,286,2812.1,566.7,1160.6,2,182039.5,0.00012748420121703,0.000382865215610121,0.000362595653122696
"2013-Q4",39005.7,1017.1,701.4,698,3007.1,3108.2,289,2850,570.9,1174,2,182039.5,0.000131146132353435,0.000387739194376182,0.000367482526012476
"2014-Q1",39475,1076.5,710.6,700.5,2998.1,3180.5,295.8,2869.1,564.4,1175,2,182039.5,0.000138805241842958,0.000386578723241405,0.000369945303642946
"2014-Q2",39623.8,1067.4,718.9,693.9,3010.1,3105.2,299.8,2928.8,563.2,1193.3,2,182039.5,0.000137631876584462,0.000388126018087774,0.000377643095503628
"2014-Q3",39516,1018.3,722.5,671,2943,2941.9,301.7,2937.1,574.4,1202.7,2,182039.5,0.000131300861838072,0.000379474061071831,0.000378713307772366
"2014-Q4",40020.4,1042.1,737.5,684.1,3067.5,3145.4,296,2919.3,575.6,1217.8,2,182039.5,0.000134369663283369,0.000395527245102902,0.000376418153750253
"2015-Q1",40124.2,1040.1,734.1,687.9,3016.6,3200.4,292.9,2964.6,579.7,1222.6,2,182039.5,0.000134111780808974,0.000388964136129556,0.000382259191795294
"2015-Q2",40546.3,1045.7,734.8,683.4,3077.6,3150.6,297.3,3014.2,568.5,1237.6,2,182039.5,0.000134833851737279,0.000396829551598595,0.000388654677160283
"2015-Q3",40647.3,1030,744.3,670.2,3061.6,2991.1,308.6,3045.2,577.3,1248.6,2,182039.5,0.000132809474313281,0.000394766491803438,0.000392651855513401
"2015-Q4",41297.9,1004.7,745.8,683.7,3167.7,3196.6,307.3,3050.9,578.7,1261.4,2,182039.5,0.000129547261012188,0.000408447157070078,0.000393386820565426
"2016-Q1",41671.6,1060.9,751.8,677.7,3215.8,3273.3,310,2965.1,565,1276.4,2,182039.5,0.000136793758542679,0.000414649230579271,0.000382323662413892
"2016-Q2",41874.3,1029.1,747.2,695.9,3262.1,3272.4,308.7,2975.1,561.8,1314.6,2,182039.5,0.000132693427199803,0.000420619209861508,0.000383613074785866
"2016-Q3",41935.4,1087.9,767,715.8,3214.3,3091,307.1,2966.5,574.1,1325.5,2,182039.5,0.000140275171947008,0.000414455818723475,0.000382504180145969
"2016-Q4",42459.7,1150.3,768.2,704.9,3286,3207.5,307.3,3030.5,577.7,1327.2,2,182039.5,0.000148321105148123,0.000423700905430525,0.0003907564193266
"2017-Q1",42444.7,1132.7,771.5,682.6,3283.7,3291.6,301.4,3044.7,591.7,1325.9,2,182039.5,0.00014605173937345,0.000423404340584971,0.000392587384894802
"2017-Q2",43076,1155.3,754.3,730.1,3328.7,3334.3,304.5,3097.1,607.4,1342.2,2,182039.5,0.00014896581133411,0.000429206696258853,0.000399343905723944
"2017-Q3",42799.2,1161,772.6,723.7,3305.7,3180.2,305.8,3073.5,589.4,1351.9,2,182039.5,0.000149700776386135,0.000426241047803313,0.000396300892526086
"2017-Q4",43318,1186.9,790.4,730.6,3350.1,3318.4,303.9,3155,608.8,1362.6,2,182039.5,0.000153040354429547,0.000431966038734876,0.000406809603357671
"2018-Q1",43481,1151.1,810.7,744.8,3330.7,3347.4,304.5,3199.8,614.6,1376,2,182039.5,0.000148424258137881,0.000429464578733247,0.000412586170784113
"2018-Q2",43931.6,1168.5,810.2,747.9,3372.7,3393.9,307.1,3229.7,616.8,1408.9,2,182039.5,0.000150667835665115,0.000434880110695536,0.000416441513776314
"2018-Q3",44137.5,1170.5,822.7,759.4,3391.1,3217.1,318.1,3206.6,616.9,1424.4,2,182039.5,0.00015092571813951,0.000437252629459968,0.000413462971197055
"2018-Q4",44983.6,1212.9,832.1,767.9,3531.7,3381.2,306.3,3166.4,644.1,1421.8,2,182039.5,0.000156392826596678,0.000455381767409917,0.000408279533461721
"2019-Q1",45362.6,1201.4,824.8,772,3576.5,3404.7,307.8,3248.4,645.8,1445.3,2,182039.5,0.000154910002368908,0.000461158334836358,0.000418852714911905
"2019-Q2",45698.3,1221.1,811.6,756.9,3609.5,3447.9,311.8,3393.6,639.3,1471.2,2,182039.5,0.000157450144741696,0.000465413395663871,0.000437574982552961
"2019-Q3",45406.2,1185.4,814.2,765.2,3563.8,3315.1,318.4,3333,659.4,1475.5,2,182039.5,0.000152846942573751,0.000459520781123952,0.000429761143578801
"2019-Q4",46608.4,1201,822.8,799.4,3681.3,3486.3,322,3279.7,681.1,1496,2,182039.5,0.000154858425874029,0.000474671376494642,0.000422888575636182
"2020-Q1",NA,1217.4,834.9,798.3,3694.8,3502.1,324.6,3301.7,695.8,1489.4,2,182039.5,0.000156973062164066,0.000476412083196806,0.000425725282854524
"2020-Q2",NA,1268.9,837.4,785.1,3601.9,3431.4,322.3,3260.2,696.8,1502.2,2,182039.5,0.00016361353587973,0.000464433442261171,0.000420374221510833
"2020-Q3",NA,1266.6,849.7,785.3,3568.4,3244.3,316.7,3370.1,731.4,1495.9,2,182039.5,0.000163316971034176,0.00046011391081506,0.000434544863478823
"2020-Q4",NA,1270.4,875.3,792.4,3667.9,3548.7,325.3,3373.9,739.4,1503.9,2,182039.5,0.000163806947735526,0.000472943563916197,0.000435034840180173
"2011-Q1",32653.6,725,938.7,414.1,2039.4,3915.9,138.2,1676.1,398.1,722.2,3,198361.4,9.34823969680861e-05,0.000262962759140296,0.000216118407666495
"2011-Q2",32890.6,713.5,936.8,444.5,2010.7,3973.1,142.8,1679,411.1,722.3,3,198361.4,9.19995727403164e-05,0.000259262145632732,0.000216492337254368
"2011-Q3",32947.8,708.7,923.3,442,2027.6,3821.7,144.1,1709.7,409.4,730.2,3,198361.4,9.13806548017691e-05,0.000261441252541367,0.000220450833236327
"2011-Q4",32811.5,707.1,906.7,443.9,1982.2,3865.5,143.5,1698.3,417.9,733.9,3,198361.4,9.11743488222533e-05,0.000255587320372607,0.000218980903132277
"2012-Q1",33316.5,725.8,877.7,437,1918.4,3896.5,142.1,1673.6,419.7,731.7,3,198361.4,9.35855499578439e-05,0.000247360869439416,0.000215796054573502
"2012-Q2",33353.6,685.6,880,441.6,1940.6,3914.6,142.6,1673.9,432,740.9,3,198361.4,8.84021122225101e-05,0.000250223364905197,0.000215834736944661
"2012-Q3",33525.2,655.7,898.9,440.4,1889.9,3842.5,142,1667.9,444.2,745.1,3,198361.4,8.4546769230309e-05,0.000243686044179291,0.000215061089521477
"2012-Q4",33506.5,631.3,884,438.4,1843,3884.6,141,1687.5,439.1,760.2,3,198361.4,8.14006030426934e-05,0.000237638700154735,0.000217588337770545
"2013-Q1",33290,643.6,869.5,444.8,1836.6,3818.8,143.5,1684.9,442.3,762.5,3,198361.4,8.2986580260221e-05,0.000236813476236672,0.000217253090553832
"2013-Q2",33296.1,643.9,872.2,452.5,1846.6,3752.6,144.3,1709.9,445.2,775.5,3,198361.4,8.30252626313802e-05,0.000238102888608645,0.000220476621483766
"2013-Q3",33701.6,638.8,866.9,437.7,1857,3841.6,140.5,1735.2,449.5,779.8,3,198361.4,8.23676623216736e-05,0.000239443877475498,0.000223738834784859
"2013-Q4",33594.8,623.9,855.9,430.4,1870.8,3879.1,134.6,1737.1,444,788.2,3,198361.4,8.0446437887433e-05,0.000241223266548821,0.000223983823135534
"2014-Q1",33594.8,647.6,863.1,439.3,1872.2,3785.9,135.3,1751.9,442.9,793.7,3,198361.4,8.35023452090104e-05,0.000241403784280898,0.000225892153446055
"2014-Q2",33757.3,641.4,869.5,442.2,1935.9,3803.6,135.4,1816.1,451.9,805.2,3,198361.4,8.27029095383868e-05,0.000249617341090369,0.000234170180874126
"2014-Q3",34276.5,616,870.2,443.3,1920.9,3861.7,139.9,1870.7,446.8,818.3,3,198361.4,7.94278021135738e-05,0.000247683222532409,0.000241210372425102
"2014-Q4",34333.7,655.9,865.8,445.3,1934.9,3886.3,139.4,1893.4,448,812.3,3,198361.4,8.45725574777485e-05,0.000249488399853172,0.000244137338509482
"2015-Q1",34321.4,640.4,848.8,464,1942.9,3799.3,129.4,1897.7,436.2,831.9,3,198361.4,8.25739683011894e-05,0.000250519929750751,0.00024469178582943
"2015-Q2",34265.3,609.4,839.1,457.1,1971,3844.8,128,1926.9,449.3,828.8,3,198361.4,7.85767899480712e-05,0.000254143178515997,0.000248456869955593
"2015-Q3",34664.5,658.8,831.7,434.8,1979.9,3889.5,123.4,1962.9,444.2,831.5,3,198361.4,8.49464870656208e-05,0.000255290755527053,0.000253098754494698
"2015-Q4",34775.5,690.4,842.4,461.1,1991.6,3936,122.6,1964.4,438.1,843.1,3,198361.4,8.90210301610574e-05,0.000256799368002262,0.000253292166350494
"2016-Q1",34920.9,631.9,856.9,431.5,2014.3,3907.8,123.2,1939.8,447.3,858.1,3,198361.4,8.14779677850118e-05,0.000259726334086642,0.000250120211915439
"2016-Q2",35021.9,612.8,852.8,479.9,2017.9,3915.5,126.3,2009.1,455.2,862.8,3,198361.4,7.90151901545423e-05,0.000260190522540553,0.000259055839653216
"2016-Q3",35289.9,608.6,860.7,473.5,2002.3,3894.6,127.6,2084.4,460,858.7,3,198361.4,7.84736369583134e-05,0.000258179039240274,0.000268765114814177
"2016-Q4",35367,625,890.7,486.3,2040.2,3948.2,129.1,2068.3,457.8,855.8,3,198361.4,8.05882732483501e-05,0.000263065912130054,0.0002666891608953
"2017-Q1",35471.4,660,900.2,476.5,2064.5,3971.6,123.5,2043.3,455.6,871.2,3,198361.4,8.51012165502577e-05,0.00026619918419395,0.000263465629965366
"2017-Q2",35563.7,654.3,898,497.7,2078.4,3890.2,126.9,2107.8,458.4,886,3,198361.4,8.43662514982327e-05,0.000267991467390993,0.000271782339764596
"2017-Q3",35815.4,647.9,929.2,496.8,2120.2,3915.4,125.1,2088.6,459.2,902.2,3,198361.4,8.35410275801696e-05,0.000273381211105843,0.000269306668010406
"2017-Q4",35958,661,910.9,488.6,2121.3,4040,126.8,2144.5,465.9,891.6,3,198361.4,8.5230157787455e-05,0.00027352304646676,0.000276514483169739
"2018-Q1",36147.5,685,908.7,503.8,2126.9,4021.1,127.3,2168,462.2,902.4,3,198361.4,8.83247474801917e-05,0.000274245117395065,0.000279544602243877
"2018-Q2",36158.6,655.3,893.6,490.8,2154,4010.2,129.1,2110,475.6,913.9,3,198361.4,8.44951927354301e-05,0.000277739424923114,0.00027206601048643
"2018-Q3",36277,668,887.1,462.6,2154.2,4030.5,128.7,2151.6,481,914.5,3,198361.4,8.61327464478365e-05,0.000277765213170553,0.00027742996595384
"2018-Q4",36382.6,674,881.1,496.8,2187.8,3962.8,129.7,2210.5,491.2,908.4,3,198361.4,8.69063938710207e-05,0.000282097638740384,0.000285024604824764
"2019-Q1",36398,679.2,876.9,503,2165.3,3981.3,129,2073.2,480.8,904.7,3,198361.4,8.7576888304447e-05,0.000279196460903444,0.000267320972957567
"2019-Q2",36503.4,670,871,499,2197,4057.2,126.2,2098,489.1,897.4,3,198361.4,8.63906289222313e-05,0.0002832838981226,0.000270518715640061
"2019-Q3",36782.2,654.2,884.8,487.8,2228.3,4024.1,130.6,2143.7,493.1,907.3,3,198361.4,8.4353357374513e-05,0.000287319758846877,0.000276411330179981
"2019-Q4",36984.1,667.8,912,494.6,2293,4017.7,131,2103.8,482.6,927.8,3,198361.4,8.61069582003971e-05,0.000295662256893547,0.000271266574815806
"2020-Q1",NA,685.5,917.4,505.6,2270,3983,131.5,2196.8,497,922.2,3,198361.4,8.83892180987903e-05,0.000292696608438007,0.000283258109875161
"2020-Q2",NA,668.8,896.7,488.7,2228,3966.4,128.8,2143.5,486.4,904.8,3,198361.4,8.62358994375944e-05,0.000287281076475718,0.000276385541932541
"2020-Q3",NA,690.9,894,481.6,2233.5,3895.6,128.1,2120.7,474.3,923.2,3,198361.4,8.90855007796561e-05,0.000287990253280304,0.000273445681724442
"2020-Q4",NA,675,872.4,513.3,2276.8,3987.9,136.3,2182.9,471.2,926.9,3,198361.4,8.70353351082181e-05,0.00029357340885095,0.000281465826678117
"2011-Q1",21115.5,614.4,463.6,255.7,1852,2814.8,55.2,1029.3,167,267.3,4,105204.7,7.9221496134058e-05,0.000238799171289511,0.000132719215447243
"2011-Q2",21139.4,627.5,446.9,243.9,1888.9,2744,55.1,1021.5,174.1,275.1,4,105204.7,8.09106263413435e-05,0.000243557102942093,0.000131713473797103
"2011-Q3",21122.9,614.8,446.5,220.9,1932.1,2802.4,50.3,1023.8,163.6,271.9,4,105204.7,7.9273072628937e-05,0.000249127364389019,0.000132010038642657
"2011-Q4",21180.8,619.2,444.2,213.6,1875.3,2893.4,47.5,1047,159.3,264.8,4,105204.7,7.98404140726054e-05,0.000241803502116209,0.000135001475345636
"2012-Q1",21430.9,595.1,444.4,220,1864.9,2883.6,53.9,997.6,165.1,261.1,4,105204.7,7.6732930256149e-05,0.000240462513249357,0.000128631778228086
"2012-Q2",21283.3,566,433.3,211.4,1819.5,2777.3,48.9,1021.5,158.3,272,4,105204.7,7.29807402537058e-05,0.000234608581080597,0.000131713473797103
"2012-Q3",21266.6,574.4,452.2,192.7,1791,2786.8,45.2,1053.3,161.3,268.9,4,105204.7,7.40638466461636e-05,0.000230933755820472,0.000135813805139979
"2012-Q4",21333.6,568.6,459.2,195.9,1767.9,2778.6,49.3,1041.2,162.6,266,4,105204.7,7.33159874704189e-05,0.000227955213241213,0.000134253616169891
"2013-Q1",20941.2,537.7,469.9,188.2,1715.8,2693.3,48.5,1005,160,261.3,4,105204.7,6.93317032410205e-05,0.00022123737478323,0.000129585943383347
"2013-Q2",20927.1,549.6,466,185,1669.9,2715.8,47,1021.3,163.3,273.2,4,105204.7,7.08661039636691e-05,0.000215318971995872,0.000131687685549664
"2013-Q3",20949,535.2,475,189.7,1708.6,2689.6,46.1,1051.8,153.1,279.2,4,105204.7,6.90093501480271e-05,0.000220308997875409,0.000135620393284183
"2013-Q4",20970.1,522.6,463,191.2,1723.7,2651.7,49.1,1047.3,160.2,267.4,4,105204.7,6.73846905593404e-05,0.00022225601055709,0.000135040157716795
"2014-Q1",20844.1,518.2,457.4,196.5,1709.5,2626.4,47,1000.2,152,261.6,4,105204.7,6.6817349115672e-05,0.000220425044988887,0.0001289670254448
"2014-Q2",20925.8,532.9,454,192.2,1755.2,2677,46.2,999.9,161,273.5,4,105204.7,6.87127853024732e-05,0.000226317659528806,0.00012892834307364
"2014-Q3",21066.9,501.9,455.4,197.3,1786.5,2688.8,48.7,1030.7,149.5,291.9,4,105204.7,6.4715606949355e-05,0.000230353520253084,0.000132899733179319
"2014-Q4",20987.6,501.5,461.6,204.4,1777.1,2664.2,47.2,1040.7,144.1,276.6,4,105204.7,6.46640304544761e-05,0.000229141472623429,0.000134189145551293
"2015-Q1",20908.8,512,465.4,209.3,1793.9,2673.6,49.3,991.8,144,277.2,4,105204.7,6.60179134450484e-05,0.000231307685408344,0.000127883919052342
"2015-Q2",21026.8,489.8,450.5,198.7,1814.7,2675.5,53.8,969.6,145.7,290.1,4,105204.7,6.3155417979267e-05,0.000233989663142049,0.00012502142358656
"2015-Q3",21090.7,479.6,449.2,211.2,1827,2668.8,57.8,982,145.6,310.2,4,105204.7,6.18402173598539e-05,0.000235575640359577,0.000126620294927808
"2015-Q4",21123.7,501.5,449.3,209.7,1881.2,2720.1,57.4,1003.1,144.7,308.3,4,105204.7,6.46640304544761e-05,0.000242564255415674,0.000129340955032672
"2016-Q1",21033.2,483.6,450.4,210.1,1837,2695,53.9,996.1,141.2,302.6,4,105204.7,6.23559823086433e-05,0.00023686505273155,0.00012843836637229
"2016-Q2",21038.1,488.3,462.2,203.1,1813.6,2732.2,54.2,976.8,141.1,300.6,4,105204.7,6.29620061234709e-05,0.000233847827781132,0.000125949800494381
"2016-Q3",21214.6,515.8,473.9,207.9,1846.1,2709.1,55.4,998.7,137.9,304.4,4,105204.7,6.65078901463983e-05,0.000238038417990046,0.000128773613589004
"2016-Q4",21091,516,475.3,218.7,1789.3,2677.3,57.8,972.7,138.8,300,4,105204.7,6.65336783938378e-05,0.000230714555717236,0.000125421141421872
"2017-Q1",21179.2,527.9,481.5,197.3,1814.2,2712.4,58.8,1024.6,132.8,299.1,4,105204.7,6.80680791164864e-05,0.000233925192523451,0.000132113191632415
"2017-Q2",21563,519.9,495.2,189.3,1862.5,2749.6,61.8,1010.9,140.6,315.5,4,105204.7,6.70365492189075e-05,0.000240153054280083,0.000130346696682811
"2017-Q3",21741.1,511.6,511.2,188.1,1947.8,2752.4,58.6,997.2,144.8,322.6,4,105204.7,6.59663369501694e-05,0.000251151741813018,0.000128580201733207
"2017-Q4",21691.6,556.2,502.7,199,1962.9,2679.8,56.4,958.5,144.1,309.4,4,105204.7,7.17171161291717e-05,0.000253098754494698,0.00012359017585367
"2018-Q1",21527.6,561,486.5,181.7,1956.3,2747.6,57.2,952.6,142.3,310.8,4,105204.7,7.2336034067719e-05,0.000252247742329196,0.000122829422554205
"2018-Q2",21715.7,527.6,492.5,182.7,2007.3,2810.9,62.4,1013.4,149.9,310.4,4,105204.7,6.80293967453272e-05,0.000258823745426261,0.000130669049775805
"2018-Q3",21787.1,541.3,481.3,178.8,2045.7,2707.2,63.2,1009.3,146.2,307.7,4,105204.7,6.9795891694931e-05,0.00026377508893464,0.000130140390703296
"2018-Q4",21496,535.9,485,179.1,2000.8,2616.3,57.4,980.7,138.8,313.8,4,105204.7,6.90996090140653e-05,0.000257985627384478,0.000126452671319451
"2019-Q1",21310.7,547.2,496.6,188.3,1970.8,2714,58.5,967.7,137,287.5,4,105204.7,7.05566449943955e-05,0.000254117390268557,0.000124776435235885
"2019-Q2",21539.4,549.7,493.7,186.9,2032.9,2791.6,61.6,992.5,127,287.9,4,105204.7,7.08789980873888e-05,0.000262124641098513,0.00012797417791838
"2019-Q3",21517.2,539.9,490.2,179.3,2053.5,2690.6,61.9,1014,129.1,293.5,4,105204.7,6.96153739628547e-05,0.000264780830584779,0.000130746414518123
"2019-Q4",21428,519.1,475.5,182.3,2074.1,2686.4,63,1042.4,125.3,294.2,4,105204.7,6.69333962291496e-05,0.000267437020071045,0.000134408345654528
"2020-Q1",NA,576.9,463.6,178.9,2035.7,2682.8,59.5,1032.6,123.1,269.4,4,105204.7,7.4386199739157e-05,0.000262485676562666,0.000133144721529994
"2020-Q2",NA,536.2,463.4,188.5,1941.3,2715.5,59.9,1026.1,128.5,282.7,4,105204.7,6.91382913852245e-05,0.000250313623771235,0.000132306603488211
"2020-Q3",NA,517,472.8,186.9,2046.5,2734.2,63.7,1031.7,122.5,291.2,4,105204.7,6.66626196310352e-05,0.000263878241924397,0.000133028674416516
"2020-Q4",NA,534.9,469.3,179.1,2029.1,2751.7,66.1,1076.1,127,288.3,4,105204.7,6.89706677768679e-05,0.000261634664397163,0.000138753665348079
"2011-Q1",35676,617.3,721.3,501.7,3829.8,3478.1,170.6,2201.8,444,920.7,5,724745.1,7.95954257219304e-05,0.00049381915021845,0.000283902816061147
"2011-Q2",36261.6,585.2,724.5,510.6,3919.2,3540.8,173.8,2199.4,484.8,956.6,5,724745.1,7.54564120078951e-05,0.000505346496823894,0.000283593357091874
"2011-Q3",36649.4,586.4,740.1,492.5,4006.8,3686.8,169.8,2193.7,482.1,984.3,5,724745.1,7.5611141492532e-05,0.000516641749202382,0.000282858392039849
"2011-Q4",36131.2,582.7,732.3,498.3,3846,3582.2,166.5,2169,478.7,937.5,5,724745.1,7.51340589149017e-05,0.000495907998261047,0.000279673543481074
"2012-Q1",35471.6,613.3,722.8,498.3,3807.9,3606.4,170.5,2139.8,452.9,916.5,5,724745.1,7.90796607731409e-05,0.000490995337123827,0.000275908459354911
"2012-Q2",35994.5,616.6,737.4,484.1,3881.8,3675.2,178.5,2169.4,490.2,951,5,724745.1,7.95051668558922e-05,0.000500524094552712,0.000279725119975953
"2012-Q3",36402.3,572.3,728.9,502.4,3974.5,3751.5,176.8,2148.1,493.3,976.3,5,724745.1,7.37930700480492e-05,0.000512476947240908,0.000276978671623649
"2012-Q4",35889.9,608,724.7,509.5,3801.1,3638.2,175.4,2099.9,459.8,916.2,5,724745.1,7.83962722159949e-05,0.000490118536710885,0.000270763703990736
"2013-Q1",35483.6,605,723.6,503.5,3746.6,3668.4,178.3,2105,459.8,908.4,5,724745.1,7.80094485044029e-05,0.000483091239283629,0.000271421304300443
"2013-Q2",35838.9,583.5,725,504.2,3824.7,3741.5,178.4,2156.1,491.5,938.5,5,724745.1,7.52372119046596e-05,0.000493161549908743,0.000278010201521228
"2013-Q3",36198.9,638,729.2,512.6,3948.3,3742.3,182.1,2127.9,476,966.6,5,724745.1,8.22645093319157e-05,0.000509098686826337,0.000274374058632263
"2013-Q4",35869.2,613.9,740.4,507.6,3793.4,3643.8,175.3,2153.6,447.2,919.4,5,724745.1,7.91570255154594e-05,0.000489125689184466,0.000277687848428235
"2014-Q1",35505.3,550.7,735.9,504.8,3727.6,3657.2,170.8,2177.5,456.9,908.1,5,724745.1,7.10079393245862e-05,0.000480641355776879,0.000280769543997252
"2014-Q2",36266.6,568.3,729.2,526,3902.5,3766.1,178.1,2149.2,492.3,932.2,5,724745.1,7.32773050992597e-05,0.000503193178162698,0.000277120506984566
"2014-Q3",36666.5,614.8,736.4,520.6,4066.3,3844.2,186.2,2180.7,485.9,971.3,5,724745.1,7.9273072628937e-05,0.000524313752815625,0.000281182155956283
"2014-Q4",36185.1,622.5,745.2,523.1,3942.2,3701.5,175.9,2199.5,459.6,919.7,5,724745.1,8.02659201553567e-05,0.000508312145279433,0.000283606251215594
"2015-Q1",35918.5,588.9,742.2,503.6,3875.9,3669.6,177.5,2087.3,445.1,899.2,5,724745.1,7.59334945855254e-05,0.000499763341253248,0.00026913904440205
"2015-Q2",36384.9,608.4,756.6,533.5,3996.6,3747.6,180.2,2120.5,470.1,940.3,5,724745.1,7.84478487108739e-05,0.000515326548582969,0.000273419893477002
"2015-Q3",37098.4,601.9,763.1,534.9,4149.5,3930.5,181.3,2143.3,468.1,962.9,5,724745.1,7.7609730669091e-05,0.000535041663750446,0.000276359753685102
"2015-Q4",36757.9,579.3,758.4,523.2,3990.1,3771.3,178.5,2152.4,446.5,905.5,5,724745.1,7.46956587084307e-05,0.000514488430541186,0.000277533118943598
"2016-Q1",36500.4,621.2,750.9,500.3,3918.5,3654.7,182.9,2145.9,459.2,889.1,5,724745.1,8.00982965470001e-05,0.000505256237957856,0.000276695000901815
"2016-Q2",37204.7,603,769.8,530.3,4047.7,3901.4,188.9,2159,470.7,933.3,5,724745.1,7.77515660300081e-05,0.000521915445803754,0.0002783841311091
"2016-Q3",37536.3,594,764.2,506.2,4209.5,4039.9,191.1,2134.7,482.1,940.6,5,724745.1,7.65910948952319e-05,0.000542778137982287,0.000275250859045205
"2016-Q4",37117,594.8,759.3,522.7,4048.4,3930.5,182.3,2194.7,458,920.9,5,724745.1,7.66942478849898e-05,0.000522005704669793,0.000282987333277046
"2017-Q1",36759.6,565,757.1,518.8,3983.3,3833.7,182.4,2118.3,458.3,918.5,5,724745.1,7.28517990165084e-05,0.000513611630128244,0.000273136222755168
"2017-Q2",37403.1,580.8,762.9,532.4,4090.1,4024.1,186.6,2108,464.2,952.5,5,724745.1,7.48890705642267e-05,0.000527382554260922,0.000271808128012035
"2017-Q3",37890,581.2,749.7,535.5,4192.7,4120.2,186.4,2131.6,458.5,964.3,5,724745.1,7.49406470591057e-05,0.000540611925197372,0.000274851141209893
"2017-Q4",37524.6,597.1,783,524.3,4060.9,3852.4,187.6,2146.4,455.2,932.7,5,724745.1,7.69908127305437e-05,0.00052361747013476,0.000276759471520414
"2018-Q1",37221.1,600,786.1,527.5,4002.6,3836.1,182.9,2119.4,453.3,901.4,5,724745.1,7.73647423184161e-05,0.000516100196006153,0.000273278058116085
"2018-Q2",37838,623.8,794.1,534.5,4201.4,4047.9,186.2,2179.5,473.6,930.8,5,724745.1,8.04335437637132e-05,0.000541733713960989,0.000281027426471646
"2018-Q3",38279.6,640.7,808.1,538.9,4347.3,4098.2,197.4,2094.8,456.6,940.5,5,724745.1,8.26126506723486e-05,0.000560546240468084,0.00027010610368103
"2018-Q4",37471.7,638.5,793.9,526.9,4169.8,3876,187.8,2080.6,455.2,890.8,5,724745.1,8.23289799505144e-05,0.000537659170865552,0.000268275138112827
"2019-Q1",37307,628.4,791.2,523.9,4143.9,3878,186.3,2075.7,449.9,885.7,5,724745.1,8.10266734548211e-05,0.00053431959282214,0.00026764332605056
"2019-Q2",37776.9,628,800.4,541.6,4251.8,4059.9,188.3,2028.8,467.6,917.6,5,724745.1,8.09750969599421e-05,0.000548232352315736,0.000261595982026004
"2019-Q3",38210.2,651.8,799.1,536.9,4347.3,4154.5,189.8,2062.6,458.4,925.4,5,724745.1,8.40438984052393e-05,0.000560546240468084,0.000265954195843275
"2019-Q4",37852.2,646.8,766.2,529.9,4236.4,3929.5,187.4,2091.5,457,879.7,5,724745.1,8.33991922192525e-05,0.000546246657262896,0.000269680597598279
"2020-Q1",NA,601,776.7,513.8,4099.8,3833.3,184.4,2029,437.4,857.3,5,724745.1,7.74936835556134e-05,0.000528633284261737,0.000261621770273444
"2020-Q2",NA,568.9,756.2,521.8,3737.4,3628.7,178.1,1967.4,421.2,845.9,5,724745.1,7.33546698415781e-05,0.000481904979901414,0.000253678990062086
"2020-Q3",NA,618,752.8,512.5,3992,3806.9,175.9,1986.4,420,854.7,5,724745.1,7.96856845879685e-05,0.000514733418891861,0.000256128873568836
"2020-Q4",NA,607.2,745.8,503.8,3903.4,3639.6,170.7,1967.9,422.2,812.4,5,724745.1,7.82931192262371e-05,0.000503309225276175,0.000253743460680685
"2011-Q1",7881.8,52.5,62.4,48.3,453.2,521.1,71.2,1689.7,84.9,66.2,6,878609.8,6.7694149528614e-06,5.84361686978436e-05,0.000217872008492379
"2011-Q2",8130.7,61.6,65.1,53.5,461.8,536.4,78.4,1736.6,90.9,73.9,6,878609.8,7.94278021135738e-06,5.95450633377409e-05,0.000223919352516936
"2011-Q3",8226.8,54.3,64.7,52.3,461.4,531.5,76.1,1774.2,88.5,75.6,6,878609.8,7.00150917981665e-06,5.94934868428619e-05,0.000228767543035556
"2011-Q4",7884.7,59.7,65.2,45.5,448.7,504.4,69.8,1674.3,77.5,69.1,6,878609.8,7.6977918606824e-06,5.78559331304555e-05,0.00021588631343954
"2012-Q1",7694.2,51.7,61.8,53.1,447.8,516.6,68,1652.8,75.3,68.4,6,878609.8,6.66626196310352e-06,5.77398860169778e-05,0.000213114076839797
"2012-Q2",8034.5,46.8,65.2,58.4,442.7,519.9,78.6,1712.5,84.3,75.4,6,878609.8,6.03444990083645e-06,5.70822857072713e-05,0.000220811868700479
"2012-Q3",8124.7,51.1,65.7,49.5,464.2,494.3,82.4,1700.4,89.9,76.8,6,878609.8,6.5888972207851e-06,5.98545223070146e-05,0.000219251679730391
"2012-Q4",7784.3,60.5,65.1,47.1,438.3,472.2,74.7,1623.6,77.7,68.7,6,878609.8,7.80094485044029e-06,5.65149442636029e-05,0.000209348992713634
"2013-Q1",7570.2,64.3,58.8,55.4,437,478.1,71.6,1564.1,71.2,63.8,6,878609.8,8.29092155179025e-06,5.63473206552464e-05,0.000201676989100391
"2013-Q2",7912.5,63.5,65.6,52.9,447.2,479.2,74.6,1600,87.4,71,6,878609.8,8.18776856203236e-06,5.76625212746594e-05,0.000206305979515776
"2013-Q3",7975.5,63.4,61.8,50,441,473.3,75.2,1616,83.5,77.3,6,878609.8,8.17487443831263e-06,5.68630856040358e-05,0.000208369039310934
"2013-Q4",7648.3,60.7,62.3,49.4,423.6,461.9,75.1,1587.9,76.8,67,6,878609.8,7.82673309787976e-06,5.46195080768017e-05,0.000204745790545688
"2014-Q1",7516.4,51.6,54.5,49,428.6,424.3,86,1551.6,73.7,60.9,6,878609.8,6.65336783938378e-06,5.52642142627885e-05,0.000200065223635424
"2014-Q2",7846.2,50.2,58.6,45.1,436.4,474.5,81.9,1554.7,86,73.6,6,878609.8,6.47285010730748e-06,5.62699559129279e-05,0.000200464941470736
"2014-Q3",7958.6,56.5,61.7,47.6,429.3,471.8,75.5,1581.8,87.3,78.3,6,878609.8,7.28517990165084e-06,5.53544731288267e-05,0.000203959248998784
"2014-Q4",7691.8,66.4,61.6,47.4,429.3,483.8,76.7,1599.7,77.5,64.4,6,878609.8,8.56169814990471e-06,5.53544731288267e-05,0.000206267297144617
"2015-Q1",7343.6,55,58,48.4,426,466.8,83,1588.1,77.8,64.6,6,878609.8,7.0917680458548e-06,5.49289670460754e-05,0.000204771578793128
"2015-Q2",7694,52.9,63.3,40.6,436.1,469.9,82.7,1606.6,90.9,77.4,6,878609.8,6.82099144774035e-06,5.62312735417687e-05,0.000207156991681279
"2015-Q3",7794.8,53.9,62.4,44.3,425.4,490.2,72.7,1679.1,84.7,82.5,6,878609.8,6.94993268493771e-06,5.4851602303757e-05,0.000216505231378087
"2015-Q4",7326.7,59.5,58.8,46.6,431.7,473.7,66.2,1613.7,71.3,70.4,6,878609.8,7.67200361324292e-06,5.56639320981003e-05,0.00020807247446538
"2016-Q1",7036.7,50.1,58.6,43.9,428.7,482.6,70.6,1472.7,67.1,66.4,6,878609.8,6.45995598358774e-06,5.52771083865083e-05,0.000189891760020552
"2016-Q2",7331.4,56.4,68.7,40.3,411.1,506.3,67.3,1489.5,79.9,74.9,6,878609.8,7.27228577793111e-06,5.30077426118347e-05,0.000192057972805468
"2016-Q3",7434.3,51.2,69.7,43.6,429.1,503.8,63.9,1488.7,74.6,79.7,6,878609.8,6.60179134450484e-06,5.53286848813872e-05,0.00019195481981571
"2016-Q4",7014.2,57.3,72.6,42.5,449.3,484.2,63.7,1442.3,59.2,68.7,6,878609.8,7.38833289140873e-06,5.79332978727739e-05,0.000185971946409752
"2017-Q1",6866.1,48.9,66.1,35.2,466.5,466.5,63.1,1436.6,63.2,64.9,6,878609.8,6.30522649895091e-06,6.01510871525685e-05,0.000185236981357728
"2017-Q2",7323.5,52,69.7,40.9,457.9,504,62.6,1450.5,74.6,71.2,6,878609.8,6.70494433426273e-06,5.90421925126712e-05,0.000187029264554771
"2017-Q3",7206.4,58.8,69.1,42.4,454.9,460.6,61.5,1445,75.6,73.6,6,878609.8,7.58174474720477e-06,5.86553688010791e-05,0.000186320087750185
"2017-Q4",6768,52.1,61.2,39.5,454.3,461.5,57.1,1339.2,65.6,64.2,6,878609.8,6.71783845798246e-06,5.85780040587607e-05,0.000172678104854705
"2018-Q1",6635.8,45.8,60.9,35.7,442.8,449.8,60.2,1304.2,63.8,61,6,878609.8,5.90550866363909e-06,5.7095179830991e-05,0.000168165161552797
"2018-Q2",7047.3,53.9,65.7,43.7,451.9,503.3,61.7,1368.7,79.5,68.4,6,878609.8,6.94993268493771e-06,5.8268545089487e-05,0.000176481871352027
"2018-Q3",7072.2,58.2,65.9,44,433,491.9,52.7,1390.2,78.8,75.5,6,878609.8,7.50438000488636e-06,5.58315557064569e-05,0.00017925410795177
"2018-Q4",6557,48.1,65,44.8,436.7,466.6,57.7,1317.7,64.6,60.5,6,878609.8,6.20207350919302e-06,5.63086382840871e-05,0.000169905868254961
"2019-Q1",6509.9,44.6,65,36.7,440.2,493,55.3,1249.6,64.8,55,6,878609.8,5.75077917900226e-06,5.67599326142779e-05,0.000161124970001821
"2019-Q2",6878.8,53.8,63,39.3,446.8,492.2,54.7,1282.2,78.1,60.4,6,878609.8,6.93703856121797e-06,5.76109447797805e-05,0.000165328454334455
"2019-Q3",6920.3,50.6,61.7,42.4,420.6,509,52,1333.9,76.3,64.3,6,878609.8,6.52442660218642e-06,5.42326843652097e-05,0.000171994716297559
"2019-Q4",6727.4,44.4,61,42.2,416,538.7,45,1294,68.2,60.3,6,878609.8,5.72499093156279e-06,5.36395546741018e-05,0.000166849960933384
"2020-Q1",NA,44.4,58.9,34.2,410.8,501.9,44,1304.7,60.7,51.8,6,878609.8,5.72499093156279e-06,5.29690602406755e-05,0.000168229632171396
"2020-Q2",NA,50.6,60,34.9,403.1,475.6,45.2,1346.4,68.9,64.1,6,878609.8,6.52442660218642e-06,5.19762127142559e-05,0.000173606481762526
"2020-Q3",NA,50.5,57.5,37.9,404.6,491.5,44.5,1361,68.2,76.7,6,878609.8,6.51153247846668e-06,5.21696245700519e-05,0.000175489023825607
"2020-Q4",NA,46.9,58.6,41.1,418.8,480.7,47.1,1393.7,64.6,61,6,878609.8,6.04734402455619e-06,5.40005901382544e-05,0.000179705402281961
"2011-Q1",25846.9,486.7,842.1,227.4,2252.2,3520.4,154.6,2355.2,269.8,474.4,7,51370.5,6.27557001439552e-05,0.000290401454415894,0.000303682401847222
"2011-Q2",26103.2,493.1,868.1,231,2278.8,3563.4,157.6,2412.8,285,495.9,7,51370.5,6.35809240620183e-05,0.000293831291325344,0.00031110941710979
"2011-Q3",26020,468.9,863.7,233.4,2227.2,3480.2,167.8,2421.9,294.5,501.3,7,51370.5,6.04605461218421e-05,0.00028717792348596,0.000312282782368286
"2011-Q4",25826.3,491.4,855.3,238.1,2153.4,3370.9,177.3,2387.8,289.8,491.8,7,51370.5,6.33617239587828e-05,0.000277662060180795,0.000307885886179856
"2012-Q1",25486,475.4,841.7,212.2,2052.8,3289.5,171.5,2296.1,274.1,468.6,7,51370.5,6.1298664163625e-05,0.000264690571718741,0.000296061974728858
"2012-Q2",25802.5,466,865.7,230,2039,3357.3,167.7,2351.2,288.3,474.1,7,51370.5,6.00866165339698e-05,0.000262911182645417,0.000303166636898433
"2012-Q3",25782.5,486.9,850.3,235.7,2005.3,3277.3,174.6,2403,279,479.6,7,51370.5,6.27814883913946e-05,0.000258565862951866,0.000309845792985256
"2012-Q4",25315.8,500.3,841.5,229.1,1905.4,3221.9,174.7,2324.5,274.3,464,7,51370.5,6.45093009698392e-05,0.00024568463335585,0.000299723905865264
"2013-Q1",24669.7,504.5,826.7,222.5,1869.8,3111.1,174,2205.8,264.6,447.7,7,51370.5,6.50508541660682e-05,0.000241094325311624,0.000284418581009937
"2013-Q2",24960.9,531,842.2,224.9,1873.1,3127,180.6,2294.3,281.3,456.2,7,51370.5,6.84677969517982e-05,0.000241519831394375,0.000295829880501903
"2013-Q3",25168.2,503.3,839.9,233.2,1860.1,3022.3,185.2,2393.3,275.3,466.8,7,51370.5,6.48961246814313e-05,0.000239843595310809,0.000308595062984442
"2013-Q4",25137.2,478.6,856.4,233.1,1869.5,3053.7,184.8,2316.7,266.3,453.1,7,51370.5,6.17112761226565e-05,0.000241055642940465,0.000298718164215124
"2014-Q1",24850.3,464.4,851.8,213.8,1826.6,3056.9,169.4,2255.7,257.7,440.3,7,51370.5,5.9880310554454e-05,0.000235524063864698,0.000290852748746085
"2014-Q2",25349.7,461.2,870.5,222.3,1864.1,3050.4,176.8,2334.1,260.8,452.5,7,51370.5,5.94676985954225e-05,0.000240359360259599,0.000300961741742358
"2014-Q3",25515.8,481.5,868,230.3,1907.9,3026.4,191.9,2360.5,259.9,451.1,7,51370.5,6.20852057105289e-05,0.000246006986448843,0.000304365790404368
"2014-Q4",25450.5,487.7,859.8,219.1,1937.7,2933.6,185.2,2380.4,242.7,450.9,7,51370.5,6.28846413811525e-05,0.000249849435317325,0.000306931721024596
"2015-Q1",25147.2,521.8,848.6,221.8,1953.9,2940.8,183.8,2338.1,244.7,431.6,7,51370.5,6.72815375695825e-05,0.000251938283359922,0.000301477506691148
"2015-Q2",25263.8,502.1,855.6,225.6,1975,3008.2,181.8,2325.4,251.7,452.9,7,51370.5,6.47413951967945e-05,0.000254658943464786,0.000299839952978741
"2015-Q3",25545.1,483.7,844.8,224,2005.9,3014.1,182.2,2351.9,257.5,462.6,7,51370.5,6.23688764323631e-05,0.000258643227694185,0.000303256895764471
"2015-Q4",25746.1,495.9,868.4,222.1,1993.8,2943.6,184.9,2412.5,250.7,453.5,7,51370.5,6.39419595261709e-05,0.000257083038724097,0.000311070734738631
"2016-Q1",25285.6,452.3,853.8,197,2016.1,2913.8,181.7,2424.5,242.3,438.1,7,51370.5,5.8320121584366e-05,0.000259958428313598,0.000312618029585
"2016-Q2",25507,493.7,856,207.1,2048.6,2970,185.1,2403.3,267.3,443.6,7,51370.5,6.36582888043367e-05,0.000264149018522512,0.000309884475356416
"2016-Q3",25753.9,505.1,858.3,206,2082.5,2947.3,190.1,2436.6,259.6,448.5,7,51370.5,6.51282189083866e-05,0.000268520126463502,0.000314178218555088
"2016-Q4",25824.3,488.8,856.5,196.7,2065.6,2964.7,185.4,2473.4,259.4,447.8,7,51370.5,6.30264767420696e-05,0.000266341019554867,0.00031892325608395
"2017-Q1",25490.9,465.7,840.2,196.5,2045.6,2936.3,184.7,2445.9,243,442,7,51370.5,6.00479341628106e-05,0.00026376219481092,0.000315377372061023
"2017-Q2",25795.8,469.8,852.9,215.4,2130.3,2901.4,186.5,2472.9,256,451.6,7,51370.5,6.05765932353198e-05,0.000274683517601536,0.000318858785465352
"2017-Q3",26015.7,485.9,855.4,216,2139.5,2987.2,185.3,2461.2,266,456.3,7,51370.5,6.26525471541973e-05,0.000275869776983752,0.000317350172990143
"2017-Q4",26006.6,476.4,857.6,213.3,2133.4,3022.1,185,2444.3,259.6,447.7,7,51370.5,6.14276054008223e-05,0.000275083235436848,0.000315171066081507
"2018-Q1",25806.1,470.5,841.5,202.7,2132.7,2942.5,187,2517.5,258.9,449.4,7,51370.5,6.06668521013579e-05,0.00027499297657081,0.000324609564644354
"2018-Q2",25849.1,474.3,850.5,212.7,2175,2959.1,186.6,2489.8,253.4,455.1,7,51370.5,6.11568288027079e-05,0.000280447190904258,0.000321037892373987
"2018-Q3",25876.5,483.6,847.9,222.3,2161.3,2975.7,193.9,2441.1,271.1,457.4,7,51370.5,6.23559823086433e-05,0.000278680695954654,0.000314758454122476
"2018-Q4",25843,479.3,858.2,213.6,2150.7,3022,191.9,2445.1,256.1,453.7,7,51370.5,6.18015349886947e-05,0.000277313918840362,0.000315274219071265
"2019-Q1",25794.6,466.1,834.6,204.5,2138.9,2912.1,190.3,2502,239.4,464.3,7,51370.5,6.00995106576895e-05,0.000275792412241433,0.000322610975467795
"2019-Q2",25860.1,488,840.9,205,2177.7,2952.4,190.4,2493.7,257.5,459.2,7,51370.5,6.29233237523117e-05,0.000280795332244691,0.000321540763199057
"2019-Q3",25774.5,493.7,824.5,212.6,2177,2895.6,187.7,2519.6,254.8,467.4,7,51370.5,6.36582888043367e-05,0.000280705073378653,0.000324880341242468
"2019-Q4",25687.1,484.7,830.8,200.3,2177.6,2917.2,186.4,2495.6,245.3,446.6,7,51370.5,6.24978176695604e-05,0.000280782438120971,0.000321785751549732
"2020-Q1",NA,480.7,823.1,198.8,2154.7,2873.2,187.7,2453.4,230.7,434,7,51370.5,6.1982052720771e-05,0.000277829683789152,0.000316344431340003
"2020-Q2",NA,465.9,827.2,197.3,2040.7,2888.5,184.5,2460.9,248,436,7,51370.5,6.00737224102501e-05,0.000263130382748653,0.000317311490618983
"2020-Q3",NA,467.4,818.7,216.5,2117,2930.2,180,2471.7,255,440,7,51370.5,6.02671342660461e-05,0.000272968599146811,0.000318704055980715
"2020-Q4",NA,472.1,809.8,208.3,2170.9,2885.9,178.4,2446.3,233.2,445.2,7,51370.5,6.08731580808737e-05,0.000279918531831749,0.000315428948555902
"2011-Q1",15658.4,302.1,664.9,131.8,1455.7,1636.7,131.2,1507.4,193.3,362.2,8,624079.3,3.89531477573225e-05,0.000187699758988197,0.000194366020951301
"2011-Q2",15945.1,304,666.5,133.9,1466.1,1644,140.8,1592.7,201,369.1,8,624079.3,3.91981361079975e-05,0.00018904074785505,0.000205364708484235
"2011-Q3",16057.9,283.8,676.8,137.2,1431.1,1663.2,150.6,1621.5,205.5,373.6,8,624079.3,3.65935231166108e-05,0.000184527804553142,0.000209078216115519
"2011-Q4",15869.3,284.3,675.4,130.8,1415.1,1623.2,149.1,1617.8,189,351,8,624079.3,3.66579937352095e-05,0.000182464744757984,0.000208601133537889
"2012-Q1",15509.6,259.9,670.3,130.1,1360.9,1577.3,140.1,1571.2,185.8,338,8,624079.3,3.35118275475939e-05,0.000175476129701887,0.000202592471884492
"2012-Q2",15590.2,297.8,674.5,139.2,1340.3,1603.1,145.2,1589.6,187.1,352.3,8,624079.3,3.83987004373738e-05,0.000172819940215622,0.000204964990648924
"2012-Q3",15725.2,320.8,655.7,148.6,1323,1606.2,150.8,1611.6,191.1,366.5,8,624079.3,4.13643488929131e-05,0.000170589256812107,0.000207801697867266
"2012-Q4",15447.5,282.1,649.8,137.5,1291.2,1555.3,138.9,1620.3,183.6,345.5,8,624079.3,3.63743230133753e-05,0.000166488925469231,0.000208923486630883
"2013-Q1",15201.1,293.2,643,141.3,1268.9,1495,134.7,1628.2,179.6,339.9,8,624079.3,3.7805570746266e-05,0.00016361353587973,0.000209942122404742
"2013-Q2",15491.8,301.9,639.7,141.5,1274.4,1497.9,139.7,1585.1,187.4,357.8,8,624079.3,3.8927359509883e-05,0.000164322712684316,0.000204384755081535
"2013-Q3",15638.6,307.4,634.7,139.1,1265,1585.4,143,1595.8,189.7,356.6,8,624079.3,3.96365363144685e-05,0.000163110665054661,0.000205764426319547
"2013-Q4",15581.7,288.4,635.9,131.3,1234.6,1545,142.1,1592.8,177.7,347.8,8,624079.3,3.71866528077186e-05,0.000159190851443861,0.000205377602607955
"2014-Q1",15440.7,296,631.6,130.3,1234.4,1490.7,145.7,1575.6,177,338.3,8,624079.3,3.81666062104186e-05,0.000159165063196421,0.000203159813328161
"2014-Q2",15771.4,294.3,639.5,138.7,1287.3,1539.4,147.9,1583.3,187.6,346.5,8,624079.3,3.79474061071831e-05,0.000165986054644162,0.00020415266085458
"2014-Q3",15966.6,312.9,658.2,142.1,1286.5,1588.8,150.2,1607.8,183.6,345.9,8,624079.3,4.0345713119054e-05,0.000165882901654404,0.000207311721165916
"2014-Q4",15783.9,305.6,661.6,142.7,1283.3,1557,152.9,1531.7,179.1,334.5,8,624079.3,3.94044420875132e-05,0.000165470289695372,0.000197499293015196
"2015-Q1",15626.7,291.7,655.3,130.8,1286.5,1533.7,148,1535.5,172.6,327.7,8,624079.3,3.76121588904699e-05,0.000165882901654404,0.000197989269716546
"2015-Q2",15940.2,308.9,682.1,139.6,1339.9,1579.7,145.5,1584.9,175.9,319.3,8,624079.3,3.98299481702645e-05,0.000172768363720743,0.000204358966834096
"2015-Q3",16058.3,295.6,683.3,140.9,1334.8,1552.8,151.9,1595.3,184.6,320.2,8,624079.3,3.81150297155396e-05,0.000172110763411036,0.000205699955700949
"2015-Q4",15921.4,305.5,690.2,131.4,1307.2,1527.7,150.3,1593.9,181.3,307.3,8,624079.3,3.93915479637935e-05,0.000168551985264389,0.000205519437968872
"2016-Q1",15836.7,293.8,694.1,130.2,1328.2,1508.6,140.8,1597.5,178,293.9,8,624079.3,3.78829354885844e-05,0.000171259751245534,0.000205983626422783
"2016-Q2",16206.8,320.3,690.2,135.5,1371.8,1541.5,139.7,1679,185.3,299.8,8,624079.3,4.12998782743144e-05,0.000176881589187339,0.000216492337254368
"2016-Q3",16382.7,308.5,687.8,132.3,1392.9,1549,143.6,1656.9,187.5,292,8,624079.3,3.97783716753856e-05,0.000179602249292203,0.000213642735912306
"2016-Q4",16491.2,308.5,707.5,133.5,1415.4,1491.3,151,1655.7,181.5,283.7,8,624079.3,3.97783716753856e-05,0.000182503427129143,0.000213488006427669
"2017-Q1",16310.4,287.1,702.4,135.8,1435,1508.1,146.5,1660.9,165.9,285.9,8,624079.3,3.70190291993621e-05,0.000185030675378212,0.000214158500861095
"2017-Q2",16507.4,288.8,708.7,130.6,1449.4,1531.9,146.5,1699.4,175,285,8,624079.3,3.72382293025976e-05,0.000186887429193854,0.000219122738493194
"2017-Q3",16723.7,305.9,719.4,130.2,1441.9,1553.4,148.8,1672.3,184.8,294,8,624079.3,3.94431244586724e-05,0.000185920369914874,0.000215628430965145
"2017-Q4",16763.5,305.5,706.7,142.6,1447.2,1542.5,149.4,1677.5,177.3,281.1,8,624079.3,3.93915479637935e-05,0.00018660375847202,0.000216298925398572
"2018-Q1",16588.4,312.6,709.8,145.3,1442.2,1485.5,144.1,1670.5,168.7,278.2,8,624079.3,4.03070307478948e-05,0.000185959052286033,0.00021539633673819
"2018-Q2",16689.4,307.7,707.6,146.8,1449.3,1541.1,149,1640.4,191.2,281.5,8,624079.3,3.96752186856277e-05,0.000186874535070134,0.00021151520549855
"2018-Q3",16884.5,305.6,718,140.6,1448.1,1580.5,151.9,1690.8,196.2,294.4,8,624079.3,3.94044420875132e-05,0.000186719805585497,0.000218013843853296
"2018-Q4",16842.4,305.1,725.9,137.7,1475.8,1568.6,149.8,1662.7,184.2,298,8,624079.3,3.93399714689146e-05,0.000190291477855864,0.000214390595088051
"2019-Q1",16619,299.3,725.2,135.8,1491,1540.4,146.8,1685,180.3,275.3,8,624079.3,3.85921122931699e-05,0.000192251384661264,0.000217265984677552
"2019-Q2",16781.6,300.9,712.2,146.1,1519.8,1593.3,146.3,1697.6,196.5,287.3,8,624079.3,3.87984182726856e-05,0.000195964892292548,0.000218890644266238
"2019-Q3",16858.8,309.1,712.8,139.3,1546.2,1636,142.4,1643.6,192.4,293.6,8,624079.3,3.9855736417704e-05,0.000199368940954558,0.000211927817457581
"2019-Q4",16592.8,299.3,721.6,127.4,1539.8,1555.1,145.2,1641.2,177.1,269.8,8,624079.3,3.85921122931699e-05,0.000198543717036495,0.000211618358488307
"2020-Q1",NA,283.3,697.5,135.7,1513.9,1590.5,145.9,1625.5,177.2,272.2,8,624079.3,3.65290524980121e-05,0.000195204138993083,0.000209593981064309
"2020-Q2",NA,288.9,683.4,138.4,1434.1,1628.8,137.6,1609,166.6,266.4,8,624079.3,3.72511234263173e-05,0.000184914628264734,0.000207466450650552
"2020-Q3",NA,290.7,695.9,135.1,1444.7,1571.6,136.6,1642,171,260,8,624079.3,3.74832176532726e-05,0.000186281405379026,0.000211721511478065
"2020-Q4",NA,285,699.6,138,1479.8,1483.3,139.5,1630.4,170.9,269.2,8,624079.3,3.67482526012476e-05,0.000190807242804653,0.000210225793126576
"2011-Q1",19025.6,433.9,245.7,260.2,2405.2,2151.3,94.1,1029.2,147.2,220.6,9,96242.4,5.59476028199345e-05,0.00031012946370709,0.000132706321323523
"2011-Q2",19629,442.5,258.8,268.8,2449.2,2209.9,92.8,1096.7,154.9,240.8,9,96242.4,5.70564974598318e-05,0.000315802878143774,0.000141409854834345
"2011-Q3",19931.1,467.3,265.9,255.4,2372.2,2308,91.5,1123.3,164.2,244.8,9,96242.4,6.02542401423264e-05,0.000305874402879578,0.000144839691743795
"2011-Q4",19505,463.5,253.2,239.5,2334.3,2362.2,93.1,1056.8,141.2,231.2,9,96242.4,5.97642634409764e-05,0.000300987529989798,0.00013626509947017
"2012-Q1",18947,460.4,246.8,247,2236.7,2251,89,1033.2,152.2,222,9,96242.4,5.93645456056646e-05,0.000288402865239335,0.000133222086272312
"2012-Q2",19372,467.5,254.8,260,2177.8,2371.9,91.6,1091.7,172.5,235.4,9,96242.4,6.02800283897658e-05,0.000280808226368411,0.000140765148648358
"2012-Q3",19757.1,441.3,263.5,245.1,2213.1,2424.9,97.6,1117.6,169.9,239.3,9,96242.4,5.6901767975195e-05,0.000285359852041478,0.00014410472669177
"2012-Q4",19332.5,438.9,248.1,236.9,2255.7,2419.2,94.9,1093.9,151.2,223.6,9,96242.4,5.65923090059213e-05,0.000290852748746085,0.000141048819370192
"2013-Q1",18828.7,445.3,245.4,227.6,2142,2332.5,91.4,1014.8,142.8,222.8,9,96242.4,5.74175329239845e-05,0.000276192130076745,0.000130849567507881
"2013-Q2",19427.9,465.9,267.9,250.4,2197.2,2379.1,93,1057.6,159.8,234.8,9,96242.4,6.00737224102501e-05,0.00028330968637004,0.000136368252459928
"2013-Q3",19702.3,460.8,276.4,251.4,2182.7,2396.5,99.9,1080.9,157.8,249,9,96242.4,5.94161221005435e-05,0.000281440038430678,0.000139372583286627
"2013-Q4",19510.7,459.3,273.4,244.4,2232.7,2405.7,101.3,1073.8,150,237.1,9,96242.4,5.92227102447475e-05,0.000287887100290546,0.000138457100502525
"2014-Q1",19206,442.9,262.2,229.8,2173.9,2361.7,98.8,1027,133.4,224.3,9,96242.4,5.71080739547108e-05,0.000280305355543341,0.000132422650601689
"2014-Q2",19649.3,439.4,262.5,254.2,2188.6,2386.6,98.3,1064.8,153,234.7,9,96242.4,5.665677962452e-05,0.000282200791730142,0.000137296629367749
"2014-Q3",20014.9,479.3,266.6,269.6,2164.8,2463.3,102.4,1118,156.1,251.4,9,96242.4,6.18015349886947e-05,0.000279131990284845,0.000144156303186649
"2014-Q4",19768.3,469.9,262.1,260.4,2210.9,2519,97.8,1089.4,144.4,226.4,9,96242.4,6.05894873590395e-05,0.000285076181319643,0.000140468583802804
"2015-Q1",19437.9,468,266.2,255.2,2180.5,2374.7,103,1042.2,137.1,221.1,9,96242.4,6.03444990083645e-05,0.000281156367708844,0.000134382557407089
"2015-Q2",19861.2,462.8,274.2,273.2,2264.2,2442.9,108.1,1041.9,155.9,223,9,96242.4,5.96740045749383e-05,0.000291948749262263,0.000134343875035929
"2015-Q3",20255.7,494,280.8,279.6,2276.9,2585.6,114.2,1075.4,160.2,237.2,9,96242.4,6.36969711754959e-05,0.000293586302974669,0.000138663406482041
"2015-Q4",19868.7,479.4,266.3,264.5,2343.3,2487.7,118.2,1072.5,137.4,230.1,9,96242.4,6.18144291124144e-05,0.000302148001124574,0.000138289476894169
"2016-Q1",19439.4,497.4,266.1,236.3,2301.3,2412.9,119.4,1040.8,135.1,218.6,9,96242.4,6.41353713819669e-05,0.000296732469162285,0.000134202039675012
"2016-Q2",20126.7,501.7,275.6,291,2362.2,2539.1,122.6,1051.8,155.5,228.1,9,96242.4,6.46898187019156e-05,0.000304584990507604,0.000135620393284183
"2016-Q3",20324.2,443.5,276.1,286.4,2384.1,2627.1,123.1,1008,158.4,239.9,9,96242.4,5.71854386970292e-05,0.000307408803602226,0.000129972767094939
"2016-Q4",19959.4,489.2,275.5,277.4,2428.9,2524.6,116.7,988.7,132.4,231.7,9,96242.4,6.30780532369485e-05,0.000313185371028668,0.00012748420121703
"2017-Q1",19798.9,433,267.8,259.7,2359.6,2429,113.4,1008.9,136.4,230.4,9,96242.4,5.58315557064569e-05,0.000304249743290891,0.000130088814208417
"2017-Q2",20214.3,447.2,271.2,278.4,2391.7,2539.7,114.2,1084.9,156.9,230.5,9,96242.4,5.76625212746594e-05,0.000308388757004926,0.000139888348235416
"2017-Q3",20644.3,464,267.4,281.2,2424.5,2586.7,118,1077.9,159.8,238.4,9,96242.4,5.98287340595751e-05,0.000312618029585,0.000138985759575034
"2017-Q4",20077.1,454.2,258.9,283.4,2460.4,2515.6,115,994.6,140.1,224.9,9,96242.4,5.8565109935041e-05,0.000317247020000385,0.000128244954516494
"2018-Q1",19620.5,444.9,255.9,269.3,2401.2,2410.9,109.4,942.8,140.5,221.1,9,96242.4,5.73659564291055e-05,0.000309613698758301,0.000121565798429671
"2018-Q2",20124.3,437.9,271.7,285.7,2466,2520.1,113.3,999.5,159,237.5,9,96242.4,5.6463367768724e-05,0.00031796909092869,0.000128876766578761
"2018-Q3",20362.2,469.7,278.9,294.2,2453.9,2559.9,118.1,1023.3,159.4,246.5,9,96242.4,6.05636991116e-05,0.000316408901958602,0.000131945568024059
"2018-Q4",20272.5,459.1,290.3,283,2521.5,2580.5,118.9,974.1,141.3,224,9,96242.4,5.9196921997308e-05,0.000325125329593143,0.000125601659153948
"2019-Q1",19678.9,447.3,291.7,272.8,2470.9,2451.6,121.3,905.3,142.4,226.9,9,96242.4,5.76754153983792e-05,0.000318600902990957,0.00011673050203477
"2019-Q2",19862.2,458.4,309,283.5,2486.7,2478.6,117.4,915.9,163.2,238.7,9,96242.4,5.91066631312699e-05,0.000320638174538675,0.000118097279149062
"2019-Q3",20196.9,490.3,323.9,301.7,2453,2571.1,114,963.3,165.3,238,9,96242.4,6.32198885978657e-05,0.000316292854845124,0.000124209093792217
"2019-Q4",19822.2,492.1,323.9,301.2,2478.6,2552.2,116.2,922.4,154.2,217.4,9,96242.4,6.34519828248209e-05,0.000319593750517377,0.000118935397190845
"2020-Q1",NA,447.5,313,286.4,2434.4,2421.7,118.2,883.4,139.9,217.5,9,96242.4,5.77012036458186e-05,0.000313894547833253,0.000113906688940148
"2020-Q2",NA,426.9,303.9,268.5,2163,2328.3,110.8,885.6,143.4,210.3,9,96242.4,5.5045014159553e-05,0.00027889989605789,0.000114190359661982
"2020-Q3",NA,436.1,305.9,280.1,2252.1,2512,110.9,887.8,153,218.5,9,96242.4,5.62312735417687e-05,0.000290388560292175,0.000114474030383816
"2020-Q4",NA,435.2,295.3,290.9,2283.1,2478.2,109.8,851.8,134.4,210.6,9,96242.4,5.61152264282911e-05,0.000294385738645293,0.000109832145844711
